<?xml version="1.0" encoding="UTF-8"?>
<DEFECTS>
  <DEFECT>
    <SFA>
      <FILEPATH>C:\Users\Amina Akhtar\source\repos\L226198 A3\L226198 A3\</FILEPATH>
      <FILENAME>mainorm.cpp</FILENAME>
      <LINE>13</LINE>
      <COLUMN>11</COLUMN>
    </SFA>
    <DEFECTCODE>28251</DEFECTCODE>
    <DESCRIPTION>Inconsistent annotation for 'WinMain': this instance has no annotations. See c:\program files (x86)\windows kits\10\include\10.0.22621.0\um\winbase.h(1037). </DESCRIPTION>
    <FUNCTION>WinMain</FUNCTION>
    <DECORATED>?WinMain@@$$J0YAHPEAUHINSTANCE__@@0PEADH@Z</DECORATED>
    <FUNCLINE>13</FUNCLINE>
    <PATH></PATH>
  </DEFECT>
</DEFECTS>